"","","","","","",""
"","date:","","","","",""
"","version:","","","","",""
"","comment:","","","","",""
"","DB comment:","","","","",""
"","","","","","",""
"","passed:","413","","","",""
"","errors:","68","","","",""
"","warnings:","5","","","",""
"","success:","","340","","",""
"","fails with warnings:","18%","","","",""
"","fails without warnings:","16%","","","",""
"","","","","","",""
"index","url","result","flags","time (s)","reasons","comment"
"1","https://247sports.com/User/Login/","SUCCESS","--F---","6","Auto-fill worked, auto-login not worked",""
"2","https://secure.2checkout.com/cpanel/login.php","SUCCESS","--F---","4","Auto-fill worked, auto-login not worked",""
"3","https://i.360.cn/login/?src=pcw_home&destUrl=https://www.360.cn","SUCCESS","--F---","8","Auto-fill worked, auto-login not worked",""
"4","https://www.53.com","SUCCESS","--F---","6","Auto-fill worked, auto-login not worked",""
"5","https://express.53.com/portal/authn","SUCCESS","--F---","7","Auto-fill worked, auto-login not worked",""
"6","https://www.techspot.com/community/login","SUCCESS","--F---","4","Auto-fill worked, auto-login not worked",""
"7","https://www.aa.com/loyalty/login?uri=%2floyalty%2flogin&previousPage=%2fhomePage.do","SUCCESS","--F---","6","Auto-fill worked, auto-login not worked",""
"8","https://identity.wa.aaa.com/login","SUCCESS","--F---","12","Auto-fill worked, auto-login not worked",""
"9","https://www.abcmouse.com/login","SUCCESS","--F---","5","Auto-fill worked, auto-login not worked",""
"10","https://secure.abukai.com","SUCCESS","--F---","15","Auto-fill worked, auto-login not worked",""
"11","http://www.academicsarecool.com/oldsite/login.php","WARNING","--F---","6","Manual fill worked, auto-fill not worked",""
"12","https://all.accor.com/authentication/index.en.shtml","SUCCESS","--F---","5","Auto-fill worked, auto-login not worked",""
"13","https://accucut.com/account/login","SUCCESS","--F---","6","Auto-fill worked, auto-login not worked",""
"14","https://wwwl.accuweather.com/premium_login.php","SUCCESS","--F---","4","Auto-fill worked, auto-login not worked",""
"15","https://www.adidas.com/us/account-login","SUCCESS","--F---","5","Auto-fill worked, auto-login not worked",""
"16","https://auth.services.adobe.com/en_US/index.html?client_id=adobedotcom2&locale=en_US&flow_type=token&idp_flow_type=login","SUCCESS","---L--","4","Auto-fill worked, auto-login not worked",""
"17","https://www.adoptapet.com","SUCCESS","S-F---","25","Auto-fill worked, auto-login not worked",""
"18","https://www.cchcpelink.com/adp","SUCCESS","--F---","5","Auto-fill worked, auto-login not worked",""
"19","https://workforceportal.elabor.com/ezLaborManagerNetRedirect/clientlogin.aspx","SUCCESS","---L--","7","Auto-fill worked, auto-login not worked",""
"20","https://thebridgeglobal.adp.com/login?ReturnUrl=/groups/streamline-partners","SUCCESS","--F---","3","Auto-fill worked, auto-login not worked",""
"21","https://adpvantage.adp.com/public/index.htm","SUCCESS","--F---","6","Auto-fill worked, auto-login not worked",""
"22","https://www.mywisely.com/app/main/login","SUCCESS","--F---","7","Auto-fill worked, auto-login not worked",""
"23","https://www.mykplan.com/sponsorsecure_net/login.aspx","SUCCESS","--F---","6","Auto-fill worked, auto-login not worked",""
"24","https://accountantprogram.adp.com/login","SUCCESS","--F---","6","Auto-fill worked, auto-login not worked",""
"25","https://my.adp.com/static/redbox/login.html","SUCCESS","--F---","6","Auto-fill worked, auto-login not worked",""
"26","https://www.mykplan.com/participantsecure_net/login.aspx","SUCCESS","--F---","4","Auto-fill worked, auto-login not worked",""
"27","https://online.adp.com/signin/v1/?APPID=RUN&productId=80e309c3-70c3-bae1-e053-3505430b5495","SUCCESS","---L--","11","Auto-fill worked, auto-login not worked",""
"28","https://online.adp.com/ipay/login.html","SUCCESS","--F---","7","Auto-fill worked, auto-login not worked",""
"29","https://online.adp.com/portal/login.html","SUCCESS","---L--","5","Auto-fill worked, auto-login not worked",""
"30","https://ewallet.adp.com/auth/enroll/adpLogin.faces?TYPE=33554433&REALMOID=06-3c6936a5-203e-01b9-0000-05c7000005c7&GUID=&SMAUTHREASON=0&METHOD=GET&SMAGENTNAME=-SM-9sQgAEH6UOZv9PgPyNRGY1CH0186eWWG%2fSrs6hRgdYokzIXqxfKJuJDGaKrTp%2fob&TARGET=-SM-https%3a%2f%2fpayexag%2eadp%2ecom%2f","SKIP","------","8","",""Sign in" button was not found"
"31","https://runess.adp.com/%40836d254c-789b-41b8-8052-d48a639e95d8/ess/registered/registeredlogin.aspx?Mode=BROWSER&Stc=False","SUCCESS","---L--","12","Auto-fill worked, auto-login not worked",""
"32","https://www.myadt.com","SUCCESS","--F---","17","Auto-fill worked, auto-login not worked",""
"33","https://www.adt.com/control-login","SUCCESS","--F---","7","Auto-fill worked, auto-login not worked",""
"34","https://www.myadtdigitalsecurity.com","SUCCESS","S-F---","28","Auto-fill worked, auto-login not worked",""
"35","https://portal.adtpulse.com/myhome/19.0.0-89/access/signin.jsp","SUCCESS","--F---","5","Auto-fill worked, auto-login not worked",""
"36","https://my.agilecrm.com/enter-domain?to=login","SUCCESS","---L--","4","Auto-fill worked, auto-login not worked",""
"37","https://www.agoda.com","SUCCESS","S-F---","15","Auto-fill worked, auto-login not worked",""
"38","https://www.lifeandretirement.aig.com/individuals/annuities","SUCCESS","--F---","6","Auto-fill worked, auto-login not worked",""
"39","https://eservice.americangeneral.com/eservice","SUCCESS","--F---","7","Auto-fill worked, auto-login not worked",""
"40","https://live.cloud.api.aig.com/life/connext-security/public/login","SUCCESS","--F---","8","Auto-fill worked, auto-login not worked",""
"41","https://www.valic.com","SUCCESS","--F---","30","Auto-fill worked, auto-login not worked",""
"42","https://www-264.aig.com/web/login.jsp","SUCCESS","--F---","10","Auto-fill worked, auto-login not worked",""
"43","https://www.airasia.com/en/gb","SUCCESS","S-F---","15","Auto-fill worked, auto-login not worked",""
"44","https://www.airbnb.com","SUCCESS","S--L--","22","Auto-fill worked, auto-login not worked",""
"45","https://www.aircanada.com/ca/en/aco/home.html#/","SKIP","------","26","",""Sign in" button was not found"
"46","https://www.airfrance.co.uk","ERROR","S-----","15","Site opened but was not able to insert password without copy-paste",""Sign in"/"Menu" button was clicked without any effects"
"47","https://wordpress.com/log-in?client_id=973&redirect_to=https%3A%2F%2Fpublic-api.wordpress.com%2Foauth2%2Fauthorize%3Fclient_id%3D973%26response_type%3Dcode%26blog_id%3D0%26state%3Db56d013c2550b2ac7fe49db740e831d084079448525acde318f13c023a580cf0%26redirect_uri%3Dhttps%253A%252F%252Fakismet.com%252Faccount%252F%253Faction%253Drequest_access_token%26implicit%3Dtrue%26new-user%3D0","SUCCESS","---L--","4","Auto-fill worked, auto-login not worked",""
"48","https://www.alaskaair.com","SUCCESS","S-F---","14","Auto-fill worked, auto-login not worked",""
"49","https://www.albertsons.com","SKIP","------","0","",""
"50","https://www.alexa.com/login","SUCCESS","S-F---","19","Auto-fill worked, auto-login not worked",""
"51","https://hub.alexa.com/login","SUCCESS","--F---","3","Auto-fill worked, auto-login not worked",""
"52","https://www.aliexpress.com","ERROR","S-----","51","Site opened but was not able to insert password without copy-paste","javascript error: Failed to execute 'elementsFromPoint' on 'Document': The provided double value is non-finite.
  (Session info: chrome=84.0.4147.135)"
"53","https://auth.alipay.com/login/index.htm?goto=https%3A%2F%2Fwww.alipay.com%2F","SUCCESS","S-F---","13","Auto-fill worked, auto-login not worked",""
"54","https://www.alison.com","SUCCESS","S-F---","25","Auto-fill worked, auto-login not worked",""
"55","https://www.allrecipes.com/account/signin","SUCCESS","--F---","7","Auto-fill worked, auto-login not worked",""
"56","https://www.allstate.com","SUCCESS","S-F---","12","Auto-fill worked, auto-login not worked",""
"57","https://www.ally.com","SUCCESS","S-F---","13","Auto-fill worked, auto-login not worked",""
"58","https://gallery.alteryx.com/#!account","ERROR","--F---","6","Site opened but was not able to insert password without copy-paste","no such element: Unable to locate element: {"method":"css selector","selector":".password-field .empty"}
  (Session info: chrome=84.0.4147.135)"
"59","https://www.amazon.com","SUCCESS","S--L--","16","Auto-fill worked, auto-login not worked",""
"60","https://console.aws.amazon.com/console/home","SUCCESS","---L--","8","Auto-fill worked, auto-login not worked",""
"61","https://www.americanexpress.com/en-us/account/login?inav=iNavLnkLog","SUCCESS","--F---","7","Auto-fill worked, auto-login not worked",""
"62","https://www.amfam.com","ERROR","S-----","21","Site opened but was not able to insert password without copy-paste",""Sign in"/"Menu" button was clicked without any effects"
"63","https://www.ana.co.jp","ERROR","S-----","180","Site opened but was not able to insert password without copy-paste","check credential timeout"
"64","https://www.anandtech.com","ERROR","------","180","Site opened but was not able to insert password without copy-paste","check credential timeout"
"65","https://www.ancestry.com/account/signin?signUpReturnUrl=https://www.ancestry.com%2Fcs%2Foffers%2Fsubscribe%3Fsub%3D1","SUCCESS","--F---","103","Auto-fill worked, auto-login not worked",""
"66","https://angel.co/login","SUCCESS","--F---","5","Auto-fill worked, auto-login not worked",""
"67","https://www.anthem.com/login/","SUCCESS","--F---","10","Auto-fill worked, auto-login not worked",""
"68","https://www.aol.com","ERROR","------","180","Site opened but was not able to insert password without copy-paste","check credential timeout"
"69","https://www.apple.com","SKIP","------","54","",""Sign in" button was not found"
"70","https://appleid.apple.com/#!&page=signin","ERROR","S-----","71","Site opened but was not able to insert password without copy-paste",""Sign in"/"Menu" button was clicked without any effects"
"71","https://shop.appleinsider.com/sign_in?source=signup_page","SUCCESS","--F---","7","Auto-fill worked, auto-login not worked",""
"72","https://archiveofourown.org","SKIP","------","9","",""Sign in" button was not found"
"73","https://www.archives.com","SUCCESS","S-F---","50","Auto-fill worked, auto-login not worked",""
"74","https://col.armstrongflooring.com/displayLogin.do","SUCCESS","--F---","8","Auto-fill worked, auto-login not worked",""
"75","https://asana.com","ERROR","S-----","53","Site opened but was not able to insert password without copy-paste",""Sign in"/"Menu" button or "Login" form was expected, but "Registration" button was found"
"76","https://www.asos.com","ERROR","S-----","53","Site opened but was not able to insert password without copy-paste",""Sign in"/"Menu" button was clicked without any effects"
"77","https://www.att.com/myatt/lgn/resources/auth/login/haloc/goto-login","SKIP","------","0","",""
"78","https://www.austrian.com","ERROR","S-----","180","Site opened but was not able to insert password without copy-paste","check credential timeout"
"79","https://account.authorize.net","SKIP","------","35","",""Sign in" button was not found"
"80","https://partner.authorize.net/widget/widget/RINT/SPA","SUCCESS","--F---","6","Auto-fill worked, auto-login not worked",""
"81","https://home.autonews.com","SUCCESS","--F---","7","Auto-fill worked, auto-login not worked",""
"82","https://www.autozone.com/signin","SUCCESS","--F---","5","Auto-fill worked, auto-login not worked",""
"83","http://www.babytree.com/reg/login.php?url=http%3A%2F%2Fbabytree.com%2F&type=top","WARNING","--F---","11","Manual fill worked, auto-fill not worked",""
"84","https://eu1.badoo.com/signin/?f=top","SUCCESS","--F---","4","Auto-fill worked, auto-login not worked",""
"85","https://www.baidu.com","ERROR","S-----","44","Site opened but was not able to insert password without copy-paste",""Sign in"/"Menu" button was clicked without any effects"
"86","https://soho.bamboohr.com/login.php","SUCCESS","--F---","7","Auto-fill worked, auto-login not worked",""
"87","https://bandcamp.com/login","SUCCESS","--F---","5","Auto-fill worked, auto-login not worked",""
"88","https://www.bangkokair.com","ERROR","S-----","103","Site opened but was not able to insert password without copy-paste",""Sign in"/"Menu" button was clicked without any effects"
"89","https://www.bankofamerica.com","SUCCESS","--F---","9","Auto-fill worked, auto-login not worked",""
"90","https://bank.barclays.co.uk/olb/authlogin/loginAppContainer.do","ERROR","---L--","37","Site opened but was not able to insert password without copy-paste","no such element: Unable to locate element: {"method":"css selector","selector":"[aria-labelledby="tooltip-membership-id"]"}
  (Session info: chrome=84.0.4147.135)"
"91","https://launchpad.37signals.com/signin","SUCCESS","---L--","42","Auto-fill worked, auto-login not worked",""
"92","https://us.battle.net/login/en/","SUCCESS","--F---","4","Auto-fill worked, auto-login not worked",""
"93","https://account.bbc.com/signin?context=news","SUCCESS","--F---","7","Auto-fill worked, auto-login not worked",""
"94","https://my.gov.bc.ca/login","SUCCESS","--F---","11","Auto-fill worked, auto-login not worked",""
"95","https://cal.berkeley.edu/login","SUCCESS","--F---","10","Auto-fill worked, auto-login not worked",""
"96","https://www.bestbuy.com/identity/global/signin","SUCCESS","--F---","9","Auto-fill worked, auto-login not worked",""
"97","https://www.biblegateway.com","ERROR","S-----","100","Site opened but was not able to insert password without copy-paste",""Sign in"/"Menu" button or "Login" form was expected, but "Registration" button was found"
"98","https://passport.bilibili.com/login","SUCCESS","--F---","6","Auto-fill worked, auto-login not worked",""
"99","https://www.biomedcentral.com/login","SUCCESS","---L--","39","Auto-fill worked, auto-login not worked",""
"100","https://id.atlassian.com/login?application=bitbucket&continue=https%3A%2F%2Fbitbucket.org%2Faccount%2Fsignin%2F%3FredirectCount%3D1%26next%3D%252F","SUCCESS","---L--","40","Auto-fill worked, auto-login not worked",""
"101","https://www.bitesquad.com/login","SUCCESS","--F---","6","Auto-fill worked, auto-login not worked",""
"102","https://bitly.com/a/sign_in","SUCCESS","--F---","4","Auto-fill worked, auto-login not worked",""
"103","https://www.bhphotovideo.com","ERROR","S-----","55","Site opened but was not able to insert password without copy-paste",""Sign in"/"Menu" button or "Login" form was expected, but "Registration" button was found"
"104","https://www.blablacar.co.uk/login/email","SUCCESS","--F---","4","Auto-fill worked, auto-login not worked",""
"105","https://www.blackboard.com/user/login","SUCCESS","--F---","9","Auto-fill worked, auto-login not worked",""
"106","https://blackplanet.com/login.html","SUCCESS","--F---","7","Auto-fill worked, auto-login not worked",""
"107","https://accounts.google.com/ServiceLogin/signinchooser?service=blogger&passive=1209600&continue=https%3A%2F%2Fwww.blogger.com%2Fblogger.g%3FblogID%3D809150093923402115%26useLegacyBlogger%3Dtrue&followup=https%3A%2F%2Fwww.blogger.com%2Fblogger.g%3FblogID%3D809150093923402115%26useLegacyBlogger%3Dtrue&flowName=GlifWebSignIn&flowEntry=AddSession#allposts","SUCCESS","---L--","42","Auto-fill worked, auto-login not worked",""
"108","https://www.bloomberg.com","SKIP","S-----","70","","captchaError"
"109","https://www.bmj.com","SUCCESS","S-F---","71","Auto-fill worked, auto-login not worked",""
"110","https://www1.bmo.com/onlinebanking/cgi-bin/netbnx/NBmain?product=5","SUCCESS","--F---","12","Auto-fill worked, auto-login not worked",""
"111","https://www.bmoinvestorline.com/ILClientWeb/login/DisplayLogin.jsp?refresh=true&lang=E","SUCCESS","--F---","8","Auto-fill worked, auto-login not worked",""
"112","https://gateway.bmonesbittburns.com/gwclient/en/SignIn.html","SUCCESS","--F---","6","Auto-fill worked, auto-login not worked",""
"113","https://www.bmosmartfolio.com/client/#/signin","SUCCESS","--F---","7","Auto-fill worked, auto-login not worked",""
"114","https://www.login.bmoprivatebankinginvestments.com/idp/BMO/?ClientID=WP&/","SUCCESS","---L--","44","Auto-fill worked, auto-login not worked",""
"115","https://www22.bmo.com/uiauth/AuthWeb/index.html?TAM_OP=login&ERROR_CODE=0x00000000&URL=%2F%3FeaiLocaleString%3Den&HOSTNAME=www22.bmo.com&AUTHNLEVEL=&PROTOCOL=https&v=02142#/login/","SKIP","------","19","",""Sign in" button was not found"
"116","https://www.bmoharris.com/main/personal","SUCCESS","--F---","9","Auto-fill worked, auto-login not worked",""
"117","https://www.bodybuilding.com/profile/login?referrer=https%3A%2F%2Fwww.bodybuilding.com%2F","SUCCESS","--F---","4","Auto-fill worked, auto-login not worked",""
"118","https://en.bongacams.com","SUCCESS","S-F---","97","Auto-fill worked, auto-login not worked",""
"119","https://www.boohoo.com/login?original=%2Fmyaccount","SUCCESS","--F---","8","Auto-fill worked, auto-login not worked",""
"120","https://account.booking.com/auth/oauth2?state=UroB6ndb0fvY4JY-mrvbWHtaQUx-TDQ4HgN1KErQHMAZayQf5xUjBozZq-y1PlDWDP2MjJcaTxbELtxl-sTd4NfVqza72C3xOgAgzaBKcfhr9JgoAzY1WvyOYX_eSL5zFeQL_AAjOUZRlPbKL1GTREAGcwdpsVfqNhDYB4rxz7jevgAv9V3JoNyae30ug2EtCy1OrILf-qlQ2CXYbUXfjRoDRAuyLHlb7UnCWvntD8PdHBAOc23Gn4Ilj0fb&aid=304142&dt=1595511509&response_type=code&redirect_uri=https%3A%2F%2Fsecure.booking.com%2Flogin.html%3Fop%3Doauth_return&client_id=vO1Kblk7xX9tUn2cpZLS&lang=en-us","SUCCESS","---L--","40","Auto-fill worked, auto-login not worked",""
"121","https://app.boomr.com/sign_in","SUCCESS","--F---","7","Auto-fill worked, auto-login not worked",""
"122","https://manage.bostonglobe.com/cs/mc/login.aspx","SUCCESS","--F---","4","Auto-fill worked, auto-login not worked",""
"123","https://www.bovada.lv","SUCCESS","--F---","13","Auto-fill worked, auto-login not worked",""
"124","https://account.box.com/login","ERROR","--F---","410","Site opened but was not able to insert password without copy-paste","check credential timeout"
"125","https://www.britishairways.com/travel/home/public/en_ua/","SUCCESS","--F---","55","Auto-fill worked, auto-login not worked",""
"126","https://www.broadcom.com/mybroadcom/login","ERROR","S-----","642","Site opened but was not able to insert password without copy-paste",""Sign in"/"Menu" button was clicked without any effects"
"127","https://www.busuu.com/en/login","SUCCESS","--F---","10","Auto-fill worked, auto-login not worked",""
"128","https://login.createsend.com/l","ERROR","S-----","693","Site opened but was not able to insert password without copy-paste","check credential timeout"
"129","https://www.canva.com","ERROR","S-F---","339","Site opened but was not able to insert password without copy-paste","check credential timeout"
"130","https://www.capitalone.com","SUCCESS","--F---","11","Auto-fill worked, auto-login not worked",""
"131","https://www.care2.com/passport/login.html?pg=https%3A%2F%2Fwww.care2.com%2F","SUCCESS","--F---","27","Auto-fill worked, auto-login not worked",""
"132","https://auth.careerbuilder.com/Account/Login","SUCCESS","--F---","5","Auto-fill worked, auto-login not worked",""
"133","https://www.carfax.com/signin","ERROR","S-----","16","Site opened but was not able to insert password without copy-paste",""Sign in"/"Menu" button was clicked without any effects"
"134","https://www.cargurus.com/Cars/authentication/renderRegisterLoginForm.action?redirectUrl=%2F","SUCCESS","---L--","5","Auto-fill worked, auto-login not worked",""
"135","https://www.caringbridge.org/signin","SUCCESS","---L--","7","Auto-fill worked, auto-login not worked",""
"136","https://www.cars.com/profile/secure/login/?continue=%2F","ERROR","--F---","7","Site opened but was not able to insert password without copy-paste","no such element: Unable to locate element: {"method":"css selector","selector":"form .ng-empty:nth-child(2)"}
  (Session info: chrome=84.0.4147.135)"
"137","https://www.causes.com","ERROR","S-----","29","Site opened but was not able to insert password without copy-paste",""Sign in"/"Menu" button was clicked without any effects"
"138","http://jira.cbslocal.com/secure/Dashboard.jspa","SKIP","------","152","","siteNotFoundError"
"139","https://secure-fly.cbsnews.com/user/login/?ifmsgr=true&page=%2F","SUCCESS","--F---","5","Auto-fill worked, auto-login not worked",""
"140","https://www.cbssports.com/login?xurl=https%3A%2F%2Fwww.cbssports.com%2F","SUCCESS","--F---","6","Auto-fill worked, auto-login not worked",""
"141","https://www.cctv.com","SUCCESS","S-F---","23","Auto-fill worked, auto-login not worked",""
"142","https://cellufun.com/login.asp","SUCCESS","--F---","3","Auto-fill worked, auto-login not worked",""
"143","https://centurylink.com","ERROR","S-----","32","Site opened but was not able to insert password without copy-paste",""Sign in"/"Menu" button was clicked without any effects"
"144","https://www.centurylink.com/business/login","ERROR","S-----","98","Site opened but was not able to insert password without copy-paste",""Sign in"/"Menu" button or "Login" form was expected, but "Registration" button was found"
"145","https://control.ctl.io/auth/Login?ReturnUrl=%2f","SUCCESS","--F---","7","Auto-fill worked, auto-login not worked",""
"146","https://www.change.org","SUCCESS","S-F---","49","Auto-fill worked, auto-login not worked",""
"147","https://www.chase.com","SUCCESS","S-F---","57","Auto-fill worked, auto-login not worked",""
"148","https://secure05c.chase.com/web/auth/dashboard","SUCCESS","--F---","11","Auto-fill worked, auto-login not worked",""
"149","https://chaturbate.com/accounts/register/?src=header&auipsrc=navbar","SKIP","------","16","","captchaError"
"150","https://www.cheapoair.com","SUCCESS","S--L--","18","Auto-fill worked, auto-login not worked",""
"151","https://www.cheatsheet.com/login","ERROR","------","5","Site opened but was not able to insert password without copy-paste","Found login form only with a password input at the first step (init state)"
"152","https://www.chegg.com/auth?action=login&redirect=https%3A%2F%2Fwww.chegg.com%2F","SUCCESS","--F---","9","Auto-fill worked, auto-login not worked",""
"153","https://www.chewy.com/app/login?targetUrl=%2Fapp%2Faccount","SUCCESS","--F---","8","Auto-fill worked, auto-login not worked",""
"154","https://chicago.suntimes.com","WARNING","S-F---","51","Manual fill worked, auto-fill not worked",""
"155","https://www.chicagotribune.com","SUCCESS","S-F---","56","Auto-fill worked, auto-login not worked",""
"156","https://www.christcenteredgamer.com","ERROR","S-F---","180","Site opened but was not able to insert password without copy-paste","check credential timeout"
"157","https://connect.cicis.com/login","SUCCESS","--F---","38","Auto-fill worked, auto-login not worked",""
"158","https://order.cicis.com/user/login?url=%2F","SUCCESS","--F---","7","Auto-fill worked, auto-login not worked",""
"159","https://www.cisco.com/c/en/us/index.html","SKIP","------","10","",""Sign in" button was not found"
"160","https://www.access.cit.com/issportal/","SKIP","------","0","",""
"161","https://citresidentialservicing.myloancare.com/pub/index.html#/Login?ReturnUrl=%2f","SKIP","------","0","",""
"162","https://cibng.ibanking-services.com/eAM/Credential/Index?FIORG=447&orgId=447_124084834&FIFID=124084834&brand=447_124084834&appId=ceb","SUCCESS","---L--","42","Auto-fill worked, auto-login not worked",""
"163","https://myloancare.com/pub/index.html#/Login?ReturnUrl=%2f&AspxAutoDetectCookieSupport=1","SKIP","------","0","",""
"164","https://secure.cit.com/cit/uux.aspx#/login","SUCCESS","--F---","8","Auto-fill worked, auto-login not worked",""
"165","https://myaccountviewonline.com/AccountView/","SKIP","------","0","",""
"166","https://west-accounts.businesstrack.com/as/authorization.oauth2?client_id=businesstrack_oauth&response_type=code&redirect_uri=https%3A%2F%2Fwest-miam.businesstrack.com%2Fmanage%2Fapi%2Fauthz%2Foauth2%2Ftoken","SUCCESS","--F---","7","Auto-fill worked, auto-login not worked",""
"167","https://www.myclientlinenm.net/nm3login.html?TYPE=33554433&REALMOID=06-0008f587-c83b-1307-b9a5-06e40ab4d024&GUID=&SMAUTHREASON=0&METHOD=GET&SMAGENTNAME=-SM-5AbLH0GPqcT%2baSQqPSqwQN8rbJlvfaC0%2fTknzNcFF3iLqhIppzBDlKNEFPSIlWR6&TARGET=-SM-https%3a%2f%2fr1pvwb012%2e1dc%2ecom%3a8445%2fClientLinePortalApp%2findex%2ejsp","SUCCESS","--F---","5","Auto-fill worked, auto-login not worked",""
"168","https://signin.cit.com/","SUCCESS","--F---","6","Auto-fill worked, auto-login not worked",""
"169","https://scf.cit.com/user/login","SUCCESS","--F---","8","Auto-fill worked, auto-login not worked",""
"170","https://cit.mtgsvc.com/Account/UserLogin?conn=180%7Bc6acc343-071f-4a7d-9d37-662150eb2bbf%7D","SKIP","------","0","",""
"171","https://www.citrail.com/External/Login/","SKIP","------","0","",""
"172","https://cit.ebanking-services.com/eAM/Credential/Index?appId=beb&brand=cit&ec=","SKIP","------","0","",""
"173","https://online.citi.com/US/login.do","SUCCESS","--F---","11","Auto-fill worked, auto-login not worked",""
"174","https://www4.citizensbankonline.com/efs/servlet/efs/login.jsp","SUCCESS","--F---","9","Auto-fill worked, auto-login not worked",""
"175","https://www.classcentral.com/login","SUCCESS","--F---","41","Auto-fill worked, auto-login not worked",""
"176","https://secure.classmates.com/auth/login?miscj=PersistentHeader&dsource=pub|24952|header|null|15966|7","SUCCESS","--F---","14","Auto-fill worked, auto-login not worked",""
"177","https://accounts.cmu.edu/","SUCCESS","--F---","9","Auto-fill worked, auto-login not worked",""
"178","https://www.cnbc.com/world/?region=world","ERROR","S-F---","738","Site opened but was not able to insert password without copy-paste","check credential timeout"
"179","https://www.cnet.com","ERROR","S-----","32","Site opened but was not able to insert password without copy-paste",""Sign in"/"Menu" button was clicked without any effects"
"180","https://edition.cnn.com","ERROR","S-----","39","Site opened but was not able to insert password without copy-paste",""Sign in"/"Menu" button was clicked without any effects"
"181","https://www.cntv.cn","ERROR","S-----","29","Site opened but was not able to insert password without copy-paste",""Sign in"/"Menu" button was clicked without any effects"
"182","https://studio.code.org/users/sign_in","SUCCESS","--F---","5","Auto-fill worked, auto-login not worked",""
"183","https://www.codecademy.com","SUCCESS","S-F---","11","Auto-fill worked, auto-login not worked",""
"184","https://codeproject.com","SUCCESS","S-F---","29","Auto-fill worked, auto-login not worked",""
"185","https://www.coggles.com/login.jsp?returnTo=https%3A%2F%2Fwww.coggles.com%2FaccountHome.account","SUCCESS","--F---","7","Auto-fill worked, auto-login not worked",""
"186","https://www.concursolutions.com/nui/signin","SUCCESS","---L--","5","Auto-fill worked, auto-login not worked",""
"187","https://www.cosstores.com/en_usd/index.html","SUCCESS","S-F---","14","Auto-fill worked, auto-login not worked",""
"188","https://www.costco.com/LogonForm","SKIP","------","0","",""
"189","https://www.costcophotocenter.com/SignIn","SUCCESS","--F---","5","Auto-fill worked, auto-login not worked",""
"190","https://www.couchsurfing.com","ERROR","S-----","15","Site opened but was not able to insert password without copy-paste",""Login" form was expected but "Registration" form was found"
"191","https://www.coursera.org/?authMode=login","ERROR","--F---","10","Site opened but was not able to insert password without copy-paste","no such element: Unable to locate element: {"method":"css selector","selector":"#emailInput_3-input"}
  (Session info: chrome=84.0.4147.135)"
"192","https://www.cox.com/content/dam/cox/okta/login.html?onsuccess=https%3A%2F%2Fwww.cox.com%2Fresimyaccount%2Fhome.html","SUCCESS","--F---","7","Auto-fill worked, auto-login not worked",""
"193","https://store.cpanel.net/login/?redirect=%2fmy%2f","SUCCESS","--F---","4","Auto-fill worked, auto-login not worked",""
"194","https://cpkrewards.myguestaccount.com/guest/accountlogin","SUCCESS","--F---","5","Auto-fill worked, auto-login not worked",""
"195","https://accounts.craigslist.org/login?rp=%2Flogin%2Fhome&rt=L","SUCCESS","--F---","6","Auto-fill worked, auto-login not worked",""
"196","https://clientview.netxinvestor.com/web/clientview/login","SUCCESS","--F---","13","Auto-fill worked, auto-login not worked",""
"197","https://rave.credit-suisse.com/auth/login.fcc?SMQUERYDATA=-SM-NKqz%2bG2wOE9fX5NqFWZypfL%2b%2bJx7HT5xzYovFxOiYP%2bC0oFFbudlB6j6YP0zRfc4Jmgq1ozO0%2fSZQM8dgnLSIhY%2fexcuvLrt6JOYWrSAmKRHPBx00Zxpq0geXrY5fEIFks64k8%2fciSxXwF%2fCQeBsQuDlz3ZERTVvNwN3R%2f3x92Z87VVMfzYaAV6J07DQAFRgZna71pZIck8cdSNjfzah9dVLLVIAEtCQQvnpXHN%2fTHZqy9aIxI%2bLiIEBTPtAmS7STca5ZvydD55dHBfwSBd4%2fmxRvKuXoPb%2bby8PtnljTl1lHzGtw3IVzc80r8lJbX212Kd%2fC0rYcEG%2bFk%2bjqeMzEYkM%2b2luOZe9","SUCCESS","--F---","6","Auto-fill worked, auto-login not worked",""
"198","https://plus.credit-suisse.com/authV3/auth/enhancedLogin.fcc?SMQUERYDATA=-SM-xEEZ8oapftBGN%2fnD2%2fw5A4vtRetZVY4TKE3Es0u6%2fy8ZhC3FzyfcCBc7S28BDtKCOI%2bvUKOJmqSn9UZiuk5O%2fRpjLLsTue2cexuJi5q5LzOrUI9w4m0GV4YViK%2bGmd8bYD%2ft5AHyg%2bvVXVOSvpf2XX6rIVdDIHxCtM7a7xKy0zLAi7jlk21ev6lR751nInleu7k%2fvBp6D5gpLzlTrBVXgMwH7NNzImh1oQQeQyPXY%2fFQIzM4rmgByMjBwK2T5D3OHbuzQWWDywc4CHsx7oOcMoQhoxF%2fK7AXbxCJctFnO90005im%2b8I8VFR0Lb6gzJZ5jUmAKbgAPzH0IGICB0YRmmTpcXcuVUsqp%2bnubNmgtkOLvkhNTy9f6ouAL4Mf4XOf","SUCCESS","--F---","14","Auto-fill worked, auto-login not worked",""
"199","https://www.credit-suisse.com/microsites/holt/en.html","SKIP","------","7","",""Sign in" button was not found"
"200","https://www.cricketwireless.com/login.html#/","SUCCESS","--F---","7","Auto-fill worked, auto-login not worked",""
"201","https://www.crowdfunder.com/user/signup","SKIP","------","18","","captchaError"
"202","https://www.crunchbase.com/login","SUCCESS","--F---","5","Auto-fill worked, auto-login not worked",""
"203","https://oversea.csair.com/new/us/en/login?back=https://www.csair.com/us/en/index.shtml","SUCCESS","--F---","7","Auto-fill worked, auto-login not worked",""
"204","https://passport.csdn.net/login?code=public","SUCCESS","S-F---","23","Auto-fill worked, auto-login not worked",""
"205","https://www.curiousworld.com/user/login","SUCCESS","--F---","5","Auto-fill worked, auto-login not worked",""
"206","https://www.cvs.com/account/login/","SKIP","------","2","","accessDeniedError"
"207","http://www.cyworld.com/main2/login.asp","WARNING","--F---","9","Manual fill worked, auto-fill not worked",""
"208","https://cy.cyworld.com/cyMain","SKIP","------","14","",""Sign in" button was not found"
"209","https://dailyburn.com/sign_in","SUCCESS","--F---","4","Auto-fill worked, auto-login not worked",""
"210","https://www.dailymail.co.uk/registration/login.html?reg_source=navigation&targetUrl=https://www.dailymail.co.uk/ushome/index.html","SUCCESS","--F---","5","Auto-fill worked, auto-login not worked",""
"211","https://www.dailymotion.com/signin?urlback=%2Fus","SUCCESS","--F---","5","Auto-fill worked, auto-login not worked",""
"212","https://www.darkreading.com","SKIP","------","18","","captchaError"
"213","https://app.datadoghq.com/account/login?next=%2F%3F","SUCCESS","--F---","3","Auto-fill worked, auto-login not worked",""
"214","https://deutschewealthonline.db.com/ebankingweb/login","SKIP","------","0","",""
"215","https://login.deutschebank.co.in/corp/AuthenticationController?__START_TRAN_FLAG__=Y&FORMSGROUP_ID__=AuthenticationFG&__EVENT_ID__=LOAD&FG_BUTTONS__=LOAD&ACTION.LOAD=Y&AuthenticationFG.LOGIN_FLAG=1&BANK_ID=200&LANGUAGE_ID=001","ERROR","--F---","180","Site opened but was not able to insert password without copy-paste","check credential timeout"
"216","https://meine.deutsche-bank.de/trxm/db/init.do","SUCCESS","--F---","10","Auto-fill worked, auto-login not worked",""
"217","https://identity.db.com/auth/realms/aurora/protocol/openid-connect/auth?client_id=135638-1_AURORA_OB_IT&response_type=code&redirect_uri=https%3A%2F%2Flamiabanca.db.com%2Foam%2Fserver%2Fauth_cred_submit","SUCCESS","--F---","8","Auto-fill worked, auto-login not worked",""
"218","https://www.deam-online.com/deamfit/","SUCCESS","--F---","7","Auto-fill worked, auto-login not worked",""
"219","https://www.secureaccountview.com/BFWeb/clients/dwsfunds/index?execution=e1s1&_eventId=validateUser","ERROR","S-----","61","Site opened but was not able to insert password without copy-paste",""Sign in"/"Menu" button was clicked without any effects"
"220","https://login.dws.com","SUCCESS","--F---","6","Auto-fill worked, auto-login not worked",""
"221","https://www3.financialtrans.com/tf/Vision?tx=VisStartup&cz=6210818081413","SUCCESS","--F---","7","Auto-fill worked, auto-login not worked",""
"222","https://login.isso.db.com/websso/sso_multi_auth_Logon.sso?requesting_slave=https%3A%2F%2Ftradefinder.db.com%2Fservice%2FtradeFinder%2Ftradefnd%2Findex.jsp%3Fportal%3Dportals","ERROR","S-----","87","Site opened but was not able to insert password without copy-paste",""Login" form was expected but "Registration" form was found"
"223","https://login.isso.db.com/websso/sso_custom_multi_auth_flex_Logon.sso?ct_orig_uri=https%3A%2F%2Flogin.isso.db.com%3A443%2Fwebsso%2Fsso_FallThrough.sso&requesting_slave=https%3A%2F%2Fglobalprime.db.com%2F&viaFT=false","ERROR","------","180","Site opened but was not able to insert password without copy-paste","check credential timeout"
"224","https://login.isso.db.com/websso/sso_custom_multi_auth_flex_Logon.sso?ct_orig_uri=https%3A%2F%2Flogin.isso.db.com%3A443%2Fwebsso%2Fsso_FallThrough.sso&requesting_slave=https%3A%2F%2Fdb-direct.us.gtb.db.com%2Fp%2Feb%2FHomeMain_Action.serv&viaFT=false","ERROR","------","1260","Site opened but was not able to insert password without copy-paste","check credential timeout"
"225","https://login.isso.db.com/websso/sso_Logon.sso?requesting_slave=https%3A%2F%2Fwww.dbconvertibles.com%2F","ERROR","------","756","Site opened but was not able to insert password without copy-paste","check credential timeout"
"226","https://login.isso.db.com/websso/sso_custom_multi_auth_flex_Logon.sso?ct_orig_uri=https%3A%2F%2Flogin.isso.db.com%3A443%2Fwebsso%2Fsso_FallThrough.sso&requesting_slave=https%3A%2F%2Fwww.toolbar-us.autobahn.db.com%2Fappmarket%2Fauth_res%3Freferrer%3D%252Fappmarket%252Fautobahn.jsp&viaFT=false","SKIP","------","615","",""Sign in" button was not found"
"227","https://login.isso.db.com/websso/sso_custom_multi_auth_flex_Logon.sso?ct_orig_uri=https%3A%2F%2Flogin.isso.db.com%3A443%2Fwebsso%2Fsso_FallThrough.sso&requesting_slave=https%3A%2F%2Fwww.dbinsight.com%2Fdbinsight&viaFT=false","SKIP","------","19","",""Sign in" button was not found"
"228","https://web.verimi.de/dipp/api/authenticate?login_challenge=b5c8fd55588144dba053449dcf31a9f3","SUCCESS","--F---","3","Auto-fill worked, auto-login not worked",""
"229","https://onlinebanking.deutschebank.be/ssologin?language=fr","SKIP","------","15","",""Sign in" button was not found"
"230","https://dbib-ch.db.com/auth-avaloq/login?afp-locale=en","SUCCESS","--F---","5","Auto-fill worked, auto-login not worked",""
"231","https://dbconnect.netxinvestor.com/web/dbab/login","SUCCESS","--F---","6","Auto-fill worked, auto-login not worked",""
"232","https://us-ctl7.dbrasweb.db.com/dana-na/auth/url_20/welcome.cgi","SUCCESS","--F---","3","Auto-fill worked, auto-login not worked",""
"233","https://blueport.db.com/","SUCCESS","--F---","4","Auto-fill worked, auto-login not worked",""
"234","https://dwoch.db.com/ebankingweb/login","ERROR","--F---","6","Site opened but was not able to insert password without copy-paste","login and/or password is not equal with "
"235","https://dbonline.deutsche-bank.es/portalserver/olbesportal/login","SUCCESS","---L--","10","Auto-fill worked, auto-login not worked",""
"236","https://www.delish.com","SUCCESS","S-F---","19","Auto-fill worked, auto-login not worked",""
"237","https://www.dell.com/Identity/global/LoginOrRegister/98254675-ac6f-47d9-a7e4-4537724f135d?c=us&l=en&r=us&s=corp&~ck=mn&redirectUrl=https%3A%2F%2Fwww.dell.com%2Fen-us&pn=LoginOrRegister&feir=1","SUCCESS","--F---","6","Auto-fill worked, auto-login not worked",""
"238","https://dfs.dell.com/Pages/DFSHomePage.aspx?~ck=mn#/","SUCCESS","--F---","7","Auto-fill worked, auto-login not worked",""
"239","https://www.dell.com/Identity/global/Login/75814991-4252-4cc4-a977-670cc21309a7?~ck=mn&pn=Login&feir=1","SUCCESS","--F---","4","Auto-fill worked, auto-login not worked",""
"240","https://www.delta.com/login/loginPage?staticurl=","SUCCESS","--F---","5","Auto-fill worked, auto-login not worked",""
"241","https://once.deputy.com/my/login","SUCCESS","--F---","8","Auto-fill worked, auto-login not worked",""
"242","https://www.destructoid.com/user-login.phtml","SUCCESS","--F---","3","Auto-fill worked, auto-login not worked",""
"243","https://www.deviantart.com/users/login","SUCCESS","--F---","3","Auto-fill worked, auto-login not worked",""
"244","https://mydhl.express.dhl/us/en/home.html#/createNewShipmentTab","SUCCESS","--F---","4","Auto-fill worked, auto-login not worked",""
"245","https://portal.dhlecs.com/login.cfm","SUCCESS","--F---","6","Auto-fill worked, auto-login not worked",""
"246","https://dhli.dhl.com/dhli-client/login?2","SUCCESS","--F---","3","Auto-fill worked, auto-login not worked",""
"247","https://app.mydhli.com","SUCCESS","--F---","6","Auto-fill worked, auto-login not worked",""
"248","https://tas.dhl.com/tas/servlet/login","SUCCESS","--F---","3","Auto-fill worked, auto-login not worked",""
"249","https://mysupplychain.dhl.com/agileconnect/login.asp","SUCCESS","--F---","4","Auto-fill worked, auto-login not worked",""
"250","https://www.dhlsameday.com/SkyPortal/Default.aspx?ReturnUrl=%2fSkyPortal%2f","SUCCESS","--F---","4","Auto-fill worked, auto-login not worked",""
"251","https://ecommerceportal.dhl.com","SUCCESS","--F---","8","Auto-fill worked, auto-login not worked",""
"252","https://portal.dhlecs.com","SUCCESS","--F---","3","Auto-fill worked, auto-login not worked",""
"253","https://activetracing.dhl.com/DatPublic/login.do","SUCCESS","--F---","4","Auto-fill worked, auto-login not worked",""
"254","https://www.dhlmultishipping.com/login/#/to/dhlse","SKIP","------","30","",""Sign in" button was not found"
"255","https://www.ax4.com/ax4/control/login_validate","SUCCESS","--F---","3","Auto-fill worked, auto-login not worked",""
"256","https://discord.com/login","SUCCESS","--F---","4","Auto-fill worked, auto-login not worked",""
"257","https://www.discover.com","SUCCESS","--F---","6","Auto-fill worked, auto-login not worked",""
"258","https://www.diynetwork.com","SUCCESS","S-F---","18","Auto-fill worked, auto-login not worked",""
"259","https://www.docusign.com","SUCCESS","S--L--","15","Auto-fill worked, auto-login not worked",""
"260","https://www.doi.org/idf-members/index.html","SKIP","------","0","",""
"261","https://www.dominos.com","SKIP","------","18","","captchaError"
"262","https://soho.domo.com/auth/index?redirectUrl=%2F","SUCCESS","--F---","4","Auto-fill worked, auto-login not worked",""
"263","https://www.doordash.com/en-US","SKIP","------","15","",""Sign in" button was not found"
"264","https://book.douban.com","SUCCESS","S--L--","78","Auto-fill worked, auto-login not worked",""
"265","https://douban.fm","ERROR","S--L--","56","Site opened but was not able to insert password without copy-paste","login is not equal with "
"266","https://www.draugiem.lv/?login=0","SUCCESS","--F---","4","Auto-fill worked, auto-login not worked",""
"267","https://www.dropcatch.com","SUCCESS","S-F---","21","Auto-fill worked, auto-login not worked",""
"268","https://www.drugs.com/account/login/","SUCCESS","--F---","3","Auto-fill worked, auto-login not worked",""
"269","https://www.duke-energy.com/home","SKIP","------","18","","siteNotFoundError"
"270","https://en.duolingo.com/?isLoggingIn=true","SKIP","------","13","","Page has only a "registration" button"
"271","https://accounts.dwolla.com/login","SUCCESS","--F---","4","Auto-fill worked, auto-login not worked",""
"272","https://auth.dxy.cn/accounts/login?service=http%3A%2F%2Fwww.dxy.cn%2Fuser%2Findex.do%3Fdone%3Dhttp%3A%2F%2Fwww.dxy.cn%2F","SUCCESS","S-F---","12","Auto-fill worked, auto-login not worked",""
"273","https://dzone.com","SUCCESS","S-F---","13","Auto-fill worked, auto-login not worked",""
"274","https://signin.ea.com/p/web2/login?execution=e716241156s1&initref=https%3A%2F%2Faccounts.ea.com%3A443%2Fconnect%2Fauth%3Fresponse_type%3Dcode%26redirect_uri%3Dhttps%253A%252F%252Fwww.ea.com%252Flogin_check%26state%3D0ed239df-43ff-460d-86a4-175917701f04%26client_id%3DEADOTCOM-WEB-SERVER","SUCCESS","--F---","4","Auto-fill worked, auto-login not worked",""
"275","https://my.earthlink.net/channel/edit/signin?s=1","SUCCESS","--F---","4","Auto-fill worked, auto-login not worked",""
"276","https://www.easyjet.com/en/","SUCCESS","S-F---","18","Auto-fill worked, auto-login not worked",""
"277","https://www.ebay.com/signin/s","SUCCESS","---L--","5","Auto-fill worked, auto-login not worked",""
"278","https://www.economist.com","SUCCESS","S-F---","15","Auto-fill worked, auto-login not worked",""
"279","https://www.edmodo.com/login?utm_source=main&utm_campaign=logged-out-pages&utm_medium=visitor-site&utm_content=landing-page-topnav","SUCCESS","S-F---","58","Auto-fill worked, auto-login not worked",""
"280","https://www.edmunds.com","ERROR","S-----","94","Site opened but was not able to insert password without copy-paste",""Sign in"/"Menu" button was clicked without any effects"
"281","https://courses.edx.org/login","SUCCESS","--F---","7","Auto-fill worked, auto-login not worked",""
"282","https://login.mailchimp.com/","SUCCESS","--F---","7","Auto-fill worked, auto-login not worked",""
"283","https://www.egencia.com/auth/v1/login?isRedirected=true","SUCCESS","--F---","7","Auto-fill worked, auto-login not worked",""
"284","https://www.emirates.com/us/english/","SUCCESS","S-F---","51","Auto-fill worked, auto-login not worked",""
"285","https://englishbaby.com/user/member_login_form","SUCCESS","--F---","5","Auto-fill worked, auto-login not worked",""
"286","https://www.epicgames.com/store/en-US/","ERROR","S-----","125","Site opened but was not able to insert password without copy-paste","disconnected: Unable to receive message from renderer
  (Session info: chrome=84.0.4147.135)"
"287","https://www.espn.com","ERROR","S-----","73","Site opened but was not able to insert password without copy-paste",""Sign in"/"Menu" button was clicked without any effects"
"288","https://www.etoro.com/login","SKIP","------","544","",""Sign in" button was not found"
"289","https://us.etrade.com/e/t/user/login","SUCCESS","--F---","11","Auto-fill worked, auto-login not worked",""
"290","https://www.etsy.com","ERROR","S--L--","235","Site opened but was not able to insert password without copy-paste","check credential timeout"
"291","https://webgate.ec.europa.eu/cas/userdata/myAccount.cgi","SUCCESS","---L--","1214","Auto-fill worked, auto-login not worked",""
"292","https://www.evernote.com/Login.action","SUCCESS","---L--","45","Auto-fill worked, auto-login not worked",""
"293","https://www.expedia.com/user/signin?ckoflag=0&uurl=e3id%3Dredr%26rurl%3D%2F%3Flogout%3D1%26pwaLob%3Dwizard-hotel-pwa-v2","SKIP","------","30","",""Sign in" button was not found"
"294","https://www.expensify.com","SUCCESS","S--L--","636","Auto-fill worked, auto-login not worked",""
"295","https://www.extracar.com/cgi-bin/extracar/sign-in?action=S","SKIP","------","18","",""Sign in" button was not found"
"296","https://shop.extremetech.com/sign_in?source=signup_page","SUCCESS","--F---","9","Auto-fill worked, auto-login not worked",""
"297","https://login.f5.com/resource/login.jsp","SUCCESS","--F---","5","Auto-fill worked, auto-login not worked",""
"298","https://www.facebook.com","SUCCESS","--F---","5","Auto-fill worked, auto-login not worked",""
"299","https://www.familysearch.org/en/","ERROR","S-----","103","Site opened but was not able to insert password without copy-paste",""Sign in"/"Menu" button or "Login" form was expected, but "Registration" button was found"
"300","https://www.fandom.com/signin","SKIP","------","538","",""Sign in" button was not found"
"301","https://www.farfetch.com/ca/login.aspx","ERROR","S-----","114","Site opened but was not able to insert password without copy-paste",""Sign in"/"Menu" button or "Login" form was expected, but "Registration" button was found"
"302","https://www.farmers.com/css/login","SKIP","------","8","","temporarilyUnavailableError"
"303","https://fc2.com/en/login.php","SUCCESS","--F---","555","Auto-fill worked, auto-login not worked",""
"304","https://fedex.com/en-us/home.html","SUCCESS","S-F---","794","Auto-fill worked, auto-login not worked",""
"305","https://fetlife.com/users/sign_in","SUCCESS","--F---","5","Auto-fill worked, auto-login not worked",""
"306","https://www.fidelity.com/","SUCCESS","--F---","22","Auto-fill worked, auto-login not worked",""
"307","https://www.findmypast.com/sign-in?nextpage=%2F","SUCCESS","--F---","8","Auto-fill worked, auto-login not worked",""
"308","https://www.finnair.com/us-en","ERROR","S-----","1260","Site opened but was not able to insert password without copy-paste","check credential timeout"
"309","https://accounts.fishbrain.com/login?response_type=code&client_id=6a0ka5u9updjin5so6ot5jblf0&redirect_uri=https://fishbrain.com/auth","SKIP","------","79","",""Sign in" button was not found"
"310","https://accounts.fitbit.com/login?targetUrl=https%3A%2F%2Fwww.fitbit.com%2Fus%2Fhome","SUCCESS","--F---","7","Auto-fill worked, auto-login not worked",""
"311","https://www.fitocracy.com","SKIP","------","538","",""Sign in" button was not found"
"312","https://www.fiverr.com","ERROR","S-----","668","Site opened but was not able to insert password without copy-paste","move target out of bounds
  (Session info: chrome=84.0.4147.135)"
"313","https://secondchance.flalottery.com/secondchance/login","SUCCESS","--F---","7","Auto-fill worked, auto-login not worked",""
"314","https://identity.flickr.com/login?redir=https%3A%2F%2Fwww.flickr.com%2F","SKIP","------","10","",""Sign in" button was not found"
"315","https://flyasiana.com/I/US/EN/viewLogin.do?callType=IBE&menuId=CM201802220000728453","SUCCESS","--F---","11","Auto-fill worked, auto-login not worked",""
"316","https://www.flyfrontier.com","SKIP","------","30","",""Sign in" button was not found"
"317","https://www.foodnetwork.com","ERROR","S-F---","1279","Site opened but was not able to insert password without copy-paste","check credential timeout"
"318","https://www.forever21.com/us/shop/account/signin","SKIP","------","651","","captchaError"
"319","https://fortune.com","ERROR","S-----","726","Site opened but was not able to insert password without copy-paste","check credential timeout"
"320","https://deals.fossbytes.com/sign_in?source=signup_page","SKIP","------","566","","siteNotFoundError"
"321","https://academy.fossbytes.com/sign_in?source=signup_page","SUCCESS","--F---","15","Auto-fill worked, auto-login not worked",""
"322","https://secure.fotki.com/login","SUCCESS","--F---","9","Auto-fill worked, auto-login not worked",""
"323","https://foursquare.com/login","SUCCESS","--F---","8","Auto-fill worked, auto-login not worked",""
"324","https://esp.forbes.com/account/Login?ReturnUrl=%2FAccount%2FCreatePassword","SUCCESS","--F---","11","Auto-fill worked, auto-login not worked",""
"325","https://my.foxnews.com/","SKIP","------","42","",""Sign in" button was not found"
"326","https://www.foxsports.com","SKIP","------","14","",""Sign in" button was not found"
"327","https://freedelivery.com.ua/login/","SUCCESS","--F---","557","Auto-fill worked, auto-login not worked",""
"328","https://www.freelancer.com/login","SKIP","------","17","",""Sign in" button was not found"
"329","https://www.freepeople.com","SKIP","------","9","","Page has only a "registration" button"
"330","https://secure.freshbooks.com/login/","SUCCESS","--F---","6","Auto-fill worked, auto-login not worked",""
"331","https://soho.freshdesk.com/support/login","SUCCESS","--F---","6","Auto-fill worked, auto-login not worked",""
"332","https://frontier.com/login","SUCCESS","--F---","10","Auto-fill worked, auto-login not worked",""
"333","https://fundly.com/#signin","SKIP","------","40","",""Sign in" button was not found"
"334","https://auth.voxmedia.com/login?community_id=739&return_to=https://www.funnyordie.com/","SUCCESS","--F---","5","Auto-fill worked, auto-login not worked",""
"335","https://web.fuze.com/","SUCCESS","---L--","574","Auto-fill worked, auto-login not worked",""
"336","https://portal.thinkingphones.com/jetspeed/portal/","SUCCESS","---L--","47","Auto-fill worked, auto-login not worked",""
"337","https://id.g2a.com/login?client_id=g2a_com&redirect_uri=https:%2F%2Fwww.g2a.com","SKIP","------","57","",""Sign in" button was not found"
"338","https://www.gaiaonline.com","SUCCESS","S-F---","603","Auto-fill worked, auto-login not worked",""
"339","https://gamefaqs.gamespot.com/","ERROR","S-----","683","Site opened but was not able to insert password without copy-paste",""Sign in"/"Menu" button or "Login" form was expected, but "Registration" button was found"
"340","https://www.gameinformer.com/user/login","SKIP","------","24","","captchaError"
"341","https://www.metacritic.com/login","SUCCESS","--F---","10","Auto-fill worked, auto-login not worked",""
"342","https://www.gamespot.com/login-signup/","SKIP","------","24","","captchaError"
"343","https://secure-www.gap.com/my-account/sign-in","ERROR","S-F---","831","Site opened but was not able to insert password without copy-paste","check credential timeout"
"344","https://www.garmin.com/en-US/account/?redirect=https%3A%2F%2Fwww.garmin.com%2Fen-US%2F","ERROR","S-F---","691","Site opened but was not able to insert password without copy-paste","no such element: Unable to locate element: {"method":"css selector","selector":"#username"}
  (Session info: chrome=84.0.4147.135)"
"345","https://www.garuda-indonesia.com/other-countries/en/index#","SKIP","------","700","",""Sign in" button was not found"
"346","https://onlineservices-servicesenligne-cic.fjgc-gccf.gc.ca/mycic/gccf?lang=eng&idp=gckey&svc=/mycic/start","SKIP","------","536","",""Sign in" button was not found"
"347","https://ecams.geico.com/login","SUCCESS","--F---","6","Auto-fill worked, auto-login not worked",""
"348","https://www.gematsu.com/wp-login.php","SUCCESS","--F---","3","Auto-fill worked, auto-login not worked",""
"349","https://www.geni.com","SUCCESS","S-F---","11","Auto-fill worked, auto-login not worked",""
"350","https://genius.com/login","SUCCESS","--F---","4","Auto-fill worked, auto-login not worked",""
"351","https://getpocket.com/signup?force=email&s=homepage","SUCCESS","S-F---","9","Auto-fill worked, auto-login not worked",""
"352","https://business.gett.com/","SUCCESS","---L--","5","Auto-fill worked, auto-login not worked",""
"353","https://gettransfer.com/en/account/login","SUCCESS","--F---","4","Auto-fill worked, auto-login not worked",""
"354","https://www.getyourguide.com","ERROR","S-----","21","Site opened but was not able to insert password without copy-paste",""Sign in"/"Menu" button was clicked without any effects"
"355","https://github.com/login","SUCCESS","--F---","3","Auto-fill worked, auto-login not worked",""
"356","https://about.gitlab.com","SKIP","------","11","","Page has only a "registration" button"
"357","https://gizmodo.com","SUCCESS","S-F---","48","Auto-fill worked, auto-login not worked",""
"358","https://www.glassdoor.com/index.htm","SUCCESS","S-F---","26","Auto-fill worked, auto-login not worked",""
"359","https://www.globo.com/","ERROR","S-----","20","Site opened but was not able to insert password without copy-paste",""Sign in"/"Menu" button was clicked without any effects"
"360","https://www.gob.mx/cms/admin/sign_in","SUCCESS","--F---","4","Auto-fill worked, auto-login not worked",""
"361","https://sso.godaddy.com/?realm=idp&path=%2fproducts&app=account","SUCCESS","--F---","4","Auto-fill worked, auto-login not worked",""
"362","https://www.gofundme.com/sign-in","SUCCESS","--F---","3","Auto-fill worked, auto-login not worked",""
"363","https://www.gog.com/","SUCCESS","S-F---","33","Auto-fill worked, auto-login not worked",""
"364","https://www.goibibo.com","SKIP","------","22","",""Sign in" button was not found"
"365","https://idfs.gs.com/idp/startSSO.ping?PartnerSpId=https://gsal.investcloud.com","SUCCESS","--F---","4","Auto-fill worked, auto-login not worked",""
"366","https://360.gs.com/gs/portal/home/fdk/?n=/portal/gset/index","SUCCESS","--F---","4","Auto-fill worked, auto-login not worked",""
"367","https://www.goldman.com/","SUCCESS","--F---","7","Auto-fill worked, auto-login not worked",""
"368","https://www.gsam.com/content/gsam/global/en/homepage.html","SKIP","------","8","",""Sign in" button was not found"
"369","https://research.gs.com/","SUCCESS","--F---","3","Auto-fill worked, auto-login not worked",""
"370","https://global-liquidity.gs.com/","SUCCESS","--F---","4","Auto-fill worked, auto-login not worked",""
"371","https://marquee.gs.com/home/#/","SUCCESS","--F---","3","Auto-fill worked, auto-login not worked",""
"372","https://txb.gs.com/cx/login","SKIP","------","2","","accessDeniedError"
"373","https://www.goodhousekeeping.com/auth/csrf?action=login&redirect_uri=https%3A%2F%2Fwww.goodhousekeeping.com%2F","SUCCESS","--F---","6","Auto-fill worked, auto-login not worked",""
"374","https://www.goodreads.com","SUCCESS","--F---","8","Auto-fill worked, auto-login not worked",""
"375","https://www.goodrx.com/my-rx/sign-in","SUCCESS","---L--","7","Auto-fill worked, auto-login not worked",""
"376","https://accounts.google.com/ServiceLogin/identifier?hl=en&passive=true&continue=https%3A%2F%2Fwww.google.com%2F&flowName=GlifWebSignIn&flowEntry=AddSession","SUCCESS","---L--","4","Auto-fill worked, auto-login not worked",""
"377","https://shop.gothamist.com/sign_in?source=signup_page","SUCCESS","--F---","6","Auto-fill worked, auto-login not worked",""
"378","https://global.gotomeeting.com/","SKIP","------","13","",""Sign in" button was not found"
"379","https://www.grainger.com/","SUCCESS","--F---","6","Auto-fill worked, auto-login not worked",""
"380","https://www.grubhub.com/login","SKIP","------","2","","accessDeniedError"
"381","https://www.guru.com/login.aspx","SUCCESS","--F---","5","Auto-fill worked, auto-login not worked",""
"382","https://www.habbo.com/","SUCCESS","S-F---","11","Auto-fill worked, auto-login not worked",""
"383","https://www.hackerrank.com/work/login?h_r=login&h_l=body_middle_right_button","SUCCESS","---L--","7","Auto-fill worked, auto-login not worked",""
"384","https://www.hackerrank.com/login?h_r=login&h_l=body_middle_left_button","SUCCESS","--F---","4","Auto-fill worked, auto-login not worked",""
"385","https://www.hannaandersson.com/sign-in?original=%2Fmy-account","SKIP","------","4","","accessDeniedError"
"386","https://www.happyfox.com/login/","SUCCESS","---L--","5","Auto-fill worked, auto-login not worked",""
"387","https://community.alumni.harvard.edu","SUCCESS","--F---","4","Auto-fill worked, auto-login not worked",""
"388","https://www.hawaiianairlines.com/my-account/login?ReturnUrl=%2fmy-account","SKIP","------","2","","accessDeniedError"
"389","https://www.hautelook.com","SKIP","------","2","","accessDeniedError"
"390","https://www.health.com/account/signin?regSource=20513&returnURL=https%3A%2F%2Fwww.health.com%2F#","SKIP","S-----","23","",""Sign in" button was not found"
"391","https://www.hellofresh.com","SKIP","------","18","","captchaError"
"392","https://id.heroku.com/login","SUCCESS","--F---","4","Auto-fill worked, auto-login not worked",""
"393","https://www.hgtv.com/","ERROR","S-----","29","Site opened but was not able to insert password without copy-paste",""Sign in"/"Menu" button or "Login" form was expected, but "Registration" button was found"
"394","https://secure.hi5.com/?","SUCCESS","--F---","10","Auto-fill worked, auto-login not worked",""
"395","https://hired.com/login?cookie_consent=true","SUCCESS","--F---","7","Auto-fill worked, auto-login not worked",""
"396","https://www2.hm.com/en_us/index.html","SUCCESS","S-F---","14","Auto-fill worked, auto-login not worked",""
"397","https://www.hobbylobby.com/login","SKIP","------","2","","accessDeniedError"
"398","https://www.homeadvisor.com/login","SUCCESS","---L--","7","Auto-fill worked, auto-login not worked",""
"399","https://cas.homeaway.com/auth/traveler/login?service=https%3A%2F%2Fwww.vrbo.com%2Fexp%2Fsso%2Fauth%3Flt%3Dtraveler%26site%3Dvrbo%26context%3Ddef%26service%3D%252F&kmsi=true","SUCCESS","---L--","5","Auto-fill worked, auto-login not worked",""
"400","https://www.vrbo.com/p/home","SUCCESS","--F---","3","Auto-fill worked, auto-login not worked",""
"401","https://www.homedepot.com/auth/view/signin?redirect=/&ref=null","SKIP","------","2","","accessDeniedError"
"402","https://www.hondapartsnow.com/online/login","SUCCESS","--F---","5","Auto-fill worked, auto-login not worked",""
"403","https://hootsuite.com/login","SUCCESS","--F---","4","Auto-fill worked, auto-login not worked",""
"404","https://www.hotels.com/profile/signin.html?intlid=HOME+%3A%3A+header_main_section&target=H4sIAAAAAAAAANO3z8lPTsxJtU3W0ys0zioPTnFN9vZz1FMryC8GiaUGF4WYBBT4l7mU6wEAKg8ItCwAAAA.","SUCCESS","--F---","4","Auto-fill worked, auto-login not worked",""
"405","https://www.hotwire.com","SKIP","------","9","",""Sign in" button was not found"
"406","https://www.houzz.com/signin/u=aHR0cHM6Ly93d3cuaG91enouY29tLw==/s=aG9tZQ==","SUCCESS","--F---","7","Auto-fill worked, auto-login not worked",""
"407","https://store.hp.com/us/en","ERROR","S-----","31","Site opened but was not able to insert password without copy-paste",""Login" form was expected but "Registration" form was found"
"408","https://www.us.hsbc.com/","SUCCESS","S--L--","20","Auto-fill worked, auto-login not worked",""
"409","https://www.hubspot.com","SKIP","------","39","","Page has only a "registration" button"
"410","https://oidc.huffpost.com/login?dest=https%3A%2F%2Fwww.huffpost.com%2F","SUCCESS","---L--","39","Auto-fill worked, auto-login not worked",""
"411","https://www.hugedomains.com/payment-plan-login.cfm","SUCCESS","--F---","5","Auto-fill worked, auto-login not worked",""
"412","https://myhughesnet.hughesnet.com/","ERROR","------","180","Site opened but was not able to insert password without copy-paste","check credential timeout"
"413","https://www.hulu.com/welcome","SKIP","------","37","",""Sign in" button was not found"
"414","https://www.iagora.com/login.html?goto=https%3A%2F%2Fwww%2Eiagora%2Ecom%2F","SUCCESS","--F---","6","Auto-fill worked, auto-login not worked",""
"415","https://myibm.ibm.com/?lnk=mmi","SUCCESS","---L--","47","Auto-fill worked, auto-login not worked",""
"416","https://console.bluemix.net/login/?lnk=mmi&_ga=2.52830824.1584179986.1596131228-1143373865.1596131228","SUCCESS","---L--","41","Auto-fill worked, auto-login not worked",""
"417","https://idaas.iam.ibm.com/idaas/oidc/endpoint/default/authorize?response_type=token&client_id=v18loginprod&state=https%3A%2F%2Fwww.ibm.com%2Fua-en&redirect_uri=https://myibm.ibm.com/OIDCHandler.html&scope=openid&nonce=8675309","SUCCESS","---L--","121","Auto-fill worked, auto-login not worked",""
"418","https://www.ibodyfit.com","SKIP","------","34","",""Sign in" button was not found"
"419","https://www.icelandair.com","SKIP","S-----","578","","captchaError"
"420","https://www.icloud.com","ERROR","---L--","16","Site opened but was not able to insert password without copy-paste","login is not equal with "
"421","https://www.ign.com","ERROR","S-----","43","Site opened but was not able to insert password without copy-paste",""Sign in"/"Menu" button was clicked without any effects"
"422","https://imageshack.us","SUCCESS","S-F---","25","Auto-fill worked, auto-login not worked",""
"423","https://www.imdb.com/registration/signin?ref=nv_generic_lgin","ERROR","S-----","54","Site opened but was not able to insert password without copy-paste",""Sign in"/"Menu" button was clicked without any effects"
"424","https://imgur.com/signin?redirect=%2F","SUCCESS","--F---","3","Auto-fill worked, auto-login not worked",""
"425","https://secure.indeed.com/account/login?hl=uk_UA&co=UA&continue=https%3A%2F%2Fua.indeed.com%2F%3Fr%3Dus&tmpl=desktop&service=my&from=gnav-util-homepage&jsContinue=https%3A%2F%2Fua.indeed.com%2F&empContinue=https%3A%2F%2Faccount.indeed.com%2Fmyaccess","SUCCESS","--F---","5","Auto-fill worked, auto-login not worked",""
"426","https://www.indiegogo.com","SUCCESS","S-F---","13","Auto-fill worked, auto-login not worked",""
"427","https://app.indinero.com/login","SUCCESS","--F---","5","Auto-fill worked, auto-login not worked",""
"428","https://www.instructables.com/account/login/","SUCCESS","--F---","5","Auto-fill worked, auto-login not worked",""
"429","https://team.inigoapp.com/","SUCCESS","---L--","9","Auto-fill worked, auto-login not worked",""
"430","https://login.insightly.com","SUCCESS","--F---","3","Auto-fill worked, auto-login not worked",""
"431","https://www.instacart.com","SKIP","------","4","",""
"432","https://www.instagram.com","SUCCESS","--F---","3","Auto-fill worked, auto-login not worked",""
"433","https://c12.qbo.intuit.com/qbo12/login?webredir","SUCCESS","--F---","7","Auto-fill worked, auto-login not worked",""
"434","https://accounts.intuit.com/index.html?offering_id=Intuit.sbg.care.camps&redirect_url=https%3A%2F%2Fcamps.intuit.com%2F%3Fsc%3Dseq_intuit_qbenterprise_click_signin%23","SUCCESS","--F---","6","Auto-fill worked, auto-login not worked",""
"435","https://app.tsheets.com/signin","SUCCESS","---L--","10","Auto-fill worked, auto-login not worked",""
"436","https://myturbotax.intuit.com/?cid=seq_intuit_tt_click_signin","SUCCESS","---L--","9","Auto-fill worked, auto-login not worked",""
"437","https://irc-galleria.net","SUCCESS","--F---","6","Auto-fill worked, auto-login not worked",""
"438","https://itch.io/login","SKIP","------","15","","captchaError"
"439","https://szallas.hu","SUCCESS","S-F---","17","Auto-fill worked, auto-login not worked",""
"440","https://www.origorandi.hu","SUCCESS","S-F---","11","Auto-fill worked, auto-login not worked",""
"441","https://www.travelo.hu","ERROR","S-----","52","Site opened but was not able to insert password without copy-paste",""Sign in"/"Menu" button was clicked without any effects"
"442","https://koponyeg.hu","SUCCESS","S-F---","99","Auto-fill worked, auto-login not worked",""
"443","https://www.jal.co.jp/jp/ja/","SUCCESS","S-F---","23","Auto-fill worked, auto-login not worked",""
"444","https://www.jcpenney.com","SKIP","------","2","","accessDeniedError"
"445","https://www.jetblue.com","SUCCESS","S-F---","17","Auto-fill worked, auto-login not worked",""
"446","https://www.jetstar.com","SUCCESS","S--L--","41","Auto-fill worked, auto-login not worked",""
"447","https://www.jewishgen.org","SUCCESS","S-F---","11","Auto-fill worked, auto-login not worked",""
"448","https://jiepang.com","SUCCESS","--F---","11","Auto-fill worked, auto-login not worked",""
"449","https://www.join.me","SUCCESS","S-F---","13","Auto-fill worked, auto-login not worked",""
"450","https://my.jw.org/home/en/login?login_required=1","SUCCESS","---L--","5","Auto-fill worked, auto-login not worked",""
"451","https://healthy.kaiserpermanente.org","SUCCESS","--F---","7","Auto-fill worked, auto-login not worked",""
"452","http://www.kaixin001.com","WARNING","--F---","19","Manual fill worked, auto-fill not worked",""
"453","https://app.kashoo.com/app/login","SUCCESS","--F---","7","Auto-fill worked, auto-login not worked",""
"454","https://www.kayak.com","ERROR","S-----","24","Site opened but was not able to insert password without copy-paste",""Sign in"/"Menu" button was clicked without any effects"
"455","https://family.clever.com","SUCCESS","--F---","6","Auto-fill worked, auto-login not worked",""
"456","https://schools.clever.com","SUCCESS","--F---","6","Auto-fill worked, auto-login not worked",""
"457","https://www.kbb.com/mykbb/","SUCCESS","S-F---","49","Auto-fill worked, auto-login not worked",""
"458","https://ibx.key.com/ibxolb/login/index.html#/login","SUCCESS","---L--","43","Auto-fill worked, auto-login not worked",""
"459","https://www.khanacademy.org/login?continue=%2F","SUCCESS","--F---","6","Auto-fill worked, auto-login not worked",""
"460","https://www.kickstarter.com/login?ref=nav","SUCCESS","--F---","6","Auto-fill worked, auto-login not worked",""
"461","https://www.klm.com/home/us/en","ERROR","S-----","53","Site opened but was not able to insert password without copy-paste",""Sign in"/"Menu" button was clicked without any effects"
"462","https://authorize.kobo.com/ww/en/Signin?returnUrl=https://www.kobo.com/","SUCCESS","--F---","5","Auto-fill worked, auto-login not worked",""
"463","https://www.kohls.com/myaccount/kohls_login.jsp","SKIP","------","17","",""Sign in" button was not found"
"464","https://koofers.com","SKIP","------","31","","blankPageError"
"465","https://kotaku.com","ERROR","S-F---","213","Site opened but was not able to insert password without copy-paste","check credential timeout"
"466","https://www.kroger.com/signin?redirectUrl=/","SUCCESS","--F---","33","Auto-fill worked, auto-login not worked",""
"467","https://live.kuaishou.com/","ERROR","--F---","1084","Site opened but was not able to insert password without copy-paste","check credential timeout"
"468","https://secure.last.fm/login","SUCCESS","--F---","48","Auto-fill worked, auto-login not worked",""
"469","https://www.latimes.com","ERROR","S--L--","733","Site opened but was not able to insert password without copy-paste","check credential timeout"
"470","https://id.churchofjesuschrist.org","SUCCESS","---L--","683","Auto-fill worked, auto-login not worked",""
"471","https://www.legacy.com/uk/accounts/login/","SUCCESS","--F---","6","Auto-fill worked, auto-login not worked",""
"472","https://www.lendingclub.com/auth/login","SKIP","------","2","","accessDeniedError"
"473","https://www.lenovo.com/us/en/login","SUCCESS","--F---","548","Auto-fill worked, auto-login not worked",""
"474","https://www.lfg.com/public/individual","SKIP","------","17","",""Sign in" button was not found"
"475","https://www.librarything.com","SUCCESS","--F---","9","Auto-fill worked, auto-login not worked",""
"476","https://lingualeo.com/en","SKIP","------","33","",""Sign in" button was not found"
"477","https://www.linkedin.com/login?fromSignIn=true&trk=guest_homepage-basic_nav-header-signin","SUCCESS","--F---","5","Auto-fill worked, auto-login not worked",""
"478","https://littlecaesars.com/en-us/login","SUCCESS","--F---","5","Auto-fill worked, auto-login not worked",""
"479","https://outlook.live.com/owa/","SUCCESS","S--L--","19","Auto-fill worked, auto-login not worked",""
"480","https://member.livedoor.com/login/?.sv=top","SUCCESS","--F---","4","Auto-fill worked, auto-login not worked",""
"481","https://www.livejasmin.com/en/auth/login","SUCCESS","--F---","5","Auto-fill worked, auto-login not worked",""
"482","https://www.livejournal.com","SUCCESS","S-F---","63","Auto-fill worked, auto-login not worked",""
"483","https://accounts.logme.in/login.aspx?clusterid=03&returnurl=https%3A%2F%2Fsecure.logmein.com%2Ffederated%2Floginsso.aspx&headerframe=https%3A%2F%2Fsecure.logmein.com%2Ffederated%2Fresources%2Fheaderframe.aspx&productframe=https%3A%2F%2Fsecure.logmein.com%2Fcommon%2Fpages%2Fcls%2Flogin.aspx&lang=en-US&skin=logmein&regtype=R&trackingproducttype=2","SUCCESS","--F---","3","Auto-fill worked, auto-login not worked",""
"484","https://my.london.ac.uk/login?p_p_id=58&p_p_lifecycle=0&p_p_state=maximized&p_p_mode=view&saveLastPath=false&_58_struts_action=%2Flogin%2Flogin","SUCCESS","S-F---","19","Auto-fill worked, auto-login not worked",""
"485","https://www.lowes.com/u/login","SKIP","------","2","","accessDeniedError"
"486","https://www.lufthansa.com/ua/en/homepage","SKIP","------","19","","captchaError"
"487","https://www.luisaviaroma.com/myarea/login#signin","SUCCESS","--F---","7","Auto-fill worked, auto-login not worked",""
"488","https://account.lyft.com/auth?next=https%3A%2F%2Fwww.lyft.com%2Flogin%2Fjump","SUCCESS","---L--","6","Auto-fill worked, auto-login not worked",""
"489","https://simplecirc.com/subscriber_login/macworld","SUCCESS","---L--","5","Auto-fill worked, auto-login not worked",""
"490","https://www.macys.com/account/signin","SUCCESS","--F---","6","Auto-fill worked, auto-login not worked",""
"491","https://myplan.johnhancock.com/login","SUCCESS","--F---","5","Auto-fill worked, auto-login not worked",""
"492","https://retirementsolutions.financialtrans.com/tf/myPLAN/Welcome?cz=51324110812&dnis=3243&system=DFE","SUCCESS","--F---","6","Auto-fill worked, auto-login not worked",""
"493","https://www2ca.bcomplete.com/login","SUCCESS","--F---","5","Auto-fill worked, auto-login not worked",""
"494","https://www.ps.jhancockpensions.com/do/home/homePageFinder/","SUCCESS","--F---","4","Auto-fill worked, auto-login not worked",""
"495","https://retirement.johnhancock.com/us/en/participant-experience?loginStep=login","SKIP","------","6","",""
"496","https://www3.financialtrans.com/tf/FANWeb?tx=Disclaim&cz=81200132011080504","SUCCESS","--F---","5","Auto-fill worked, auto-login not worked",""
"497","https://secure.johnhancockinsurance.com/","SUCCESS","--F---","7","Auto-fill worked, auto-login not worked",""
"498","https://www.johnhancockvitality.com/EAI-WAR/","SUCCESS","--F---","7","Auto-fill worked, auto-login not worked",""
